{
 "d": [
  [
   26.15,
   2.43
  ],
  [
   26.2,
   4.18
  ]
 ],
 "pi": [
  [
   0.86209235993052,
   0.9380577097738683
  ],
  [
   0.8538185447617495,
   0.9288123140806438
  ]
 ],
 "v": [
  1.0,
  1.0
 ],
 "p": [
  0.01,
  0.01
 ],
 "n": [
  2895,
  3691
 ],
 "budget": 643,
 "groupsizes": [
  1,
  3,
  5,
  10
 ],
 "bucketsizes": [
  8,
  4,
  2
 ],
 "stepsize": 34,
 "guaranteed": [
  0,
  0
 ]
}