{
 "d": [
  [
   19.942953406669357,
   4.071178655762253,
   15.507066031215805,
   13.507066031215805
  ],
  [
   34.649398625429555,
   5.138144329896908,
   22.393771477663233,
   18.393771477663233
  ],
  [
   31.296176016049454,
   4.6046614928295804,
   15.450418754439518,
   14.450418754439518
  ],
  [
   32.296176016049454,
   3.5046614928295804,
   13.450418754439518,
   12.450418754439518
  ]
 ],
 "pi": [
  [
   0.86209235993052,
   0.9180577097738683,
   0.85209235993052,
   0.2482319700152439
  ],
  [
   0.8538185447617495,
   0.9988123140806438,
   0.7838185447617495,
   0.1705036823815335
  ],
  [
   0.89209235993052,
   0.9180577097738683,
   0.68209235993052,
   0.0682319700152439
  ],
  [
   0.98209235993052,
   0.8580577097738683,
   0.67209235993052,
   0.542319700152439
  ]
 ],
 "v": [
  1.0,
  1.0,
  1.0,
  1.0
 ],
 "p": [
  0.01,
  0.01,
  0.01,
  0.01
 ],
 "n": [
  118,
  11,
  91,
  7
 ],
 "budget": 10,
 "groupsizes": [
  1,
  3,
  5,
  10
 ],
 "bucketsizes": [
  32,
  16,
  8,
  4,
  2
 ],
 "stepsize": 1,
 "guaranteed": [
  0,
  0,
  0,
  0
 ]
}