{
  "name": "Saltillo",
  "d": [[ 47.04216867,   0.73493976,   7.47590361],
                [  0.43363636, 123.35636364,   5.90545455],
                [ 22.90361446,  34.5060241,    3.14457831]],
"pi":
  [
    [0.64, 0.02, 0.84],
    [0.02, 0.65, 0.84],
    [0.67, 0.67, 0.86]
  ],
"v": [1,1,1],
"p": [0.0064, 0.0064, 0.0064],
"n": [332, 550, 83],
"budget": 30,
"groupsizes": [1, 3, 5, 10],
"bucketsizes": [1,1,1,1],
"stepsize": 1,
"guaranteed": [0, 0, 0]

}